"","AGI","EMCONTRB","FEDTAX","STATETAX"
"1",2571.11589792444,5436.70983691238,9576.20832569187,1349.83385529421
"2",46128.1538036566,5622.10615618575,-1884.72721136821,-2013.17461645783
"3",48885.7916962789,732.040830907077,8014.47529362458,1191.99872327316
"4",21270.2639700679,-514.271170751887,-1428.80295701291,2248.3956882012
"5",61397.7296736749,6343.63139667944,8687.03831404151,3642.59684280556
"6",10398.1917883821,3774.5200434843,8796.99816090398,1182.57077144052
"7",-1551.9969704178,218.501904796425,-1405.99205761531,5448.72566058655
"8",4725.79282719068,4670.92797706257,-2704.70945766051,582.240993486446
"9",108864.683394053,3661.95349167076,6763.09214150978,2719.74758245146
"10",58962.5333000005,4141.42510317026,5148.95426960149,568.186436362431
"11",47085.3415052906,3631.75719948602,5699.67392954686,886.136448891103
"12",29206.2811860819,622.750779682991,16726.9148450894,5582.8407610976
"13",-23493.3413964447,1985.82800997844,-2933.76392419731,-3481.65226065482
"14",94219.5610819006,4512.6882674122,4936.78909697106,2634.915794744
"15",22136.5194749241,4147.74360832033,-5274.82480415548,-586.794384089742
"16",88787.0738367877,4186.17614093606,6459.63021471557,1509.78364245404
"17",67410.9056521693,2951.32439234735,10891.1146629025,-370.822626149168
"18",28385.8276469127,1746.64381619016,-624.657695455083,-1495.53283509771
"19",77787.1624902589,2669.26517088479,10397.1012043061,2355.94080934059
"20",5604.71173959036,1809.54125837215,-3045.51945232293,-439.39355287527
"21",96226.3483864642,3054.46095736257,11257.4345913135,-3766.6996986827
"22",980.414731823104,-562.645536468426,-108.374061810199,871.382558032417
"23",80030.2219352764,4598.13820627062,15362.1159605037,874.86009862514
"24",28870.2532565626,3568.20932877371,4896.52560702711,179.700253708783
"25",60066.8433346894,5327.43302180143,-4029.47584982181,2068.25498437276
"26",44239.0554858885,4433.69342086412,11430.8313509662,3888.53143392602
"27",28678.6149795462,-116.674332066762,9312.59978682044,-1883.84584390957
"28",61517.7196422087,2352.49604533626,10285.9459670853,4717.23070276047
"29",79751.3434559455,6272.43895334463,-1059.52489233739,2820.04028888322
"30",88691.5746149682,2595.98572526838,2074.63927952763,3296.17136015616
"31",74739.8809107101,4502.86154681375,9262.39131875815,534.00495331867
"32",-11399.8385956358,2115.87120603453,-7815.70361258971,2891.55123699198
"33",52817.2584902152,2832.5349474799,4464.40985445165,2721.62464634541
"34",19160.4745554987,3274.00319336524,12463.0004312747,-404.497672257997
"35",79479.7677144772,3235.24012441875,6448.11294694457,2774.27480796663
"36",57716.0519470671,2331.16275560486,9614.65767483291,2760.7473590562
"37",61755.8666892693,4665.32722862119,14673.6259713858,2000.29430982922
"38",103534.262788765,-814.233542750118,10247.9456621104,2871.60764131166
"39",-35646.6088217483,1055.64854922243,1385.36469315029,4405.46784060971
"40",55101.8761419946,4198.03547928451,12913.7734553285,481.023859009908
"41",59287.4833211316,2439.44429268477,14526.4285582213,2448.74555313796
"42",168730.764739103,621.878372759546,13574.2985395683,3512.168583658
"43",70983.5738353874,4309.41309459833,12771.7013275305,1573.53971793437
"44",59797.9432705173,3635.06598607483,9036.30855452298,1052.35298751845
"45",54769.3321038849,4684.33139673345,12555.1973558759,3341.90913945447
"46",12146.292760547,3726.17286626832,-2387.23576700748,3220.38909827177
"47",18514.8533812968,3530.1301110532,-8638.71627781132,-1851.23268380574
"48",43125.7625044812,3174.51575415485,7060.13182628564,-247.673866124757
"49",-1832.01096401105,-56.0328010815095,1080.92148840985,-848.592915299334
"50",61402.7497248029,-452.628549316458,-6386.53453957918,2347.06913484856
"51",48772.2049745643,2439.09161111128,-579.403998278104,4301.61643472514
"52",62171.8248716003,2380.45587759622,9172.92024168458,565.909034690677
"53",96733.0156090807,3986.84020786243,14815.9850093226,920.586440179824
"54",17495.2441312035,2111.38908202501,917.651574582195,132.076537794304
"55",70822.6533596106,-247.35020724337,9475.8652562453,938.198467451564
"56",50644.9113651054,1249.69186070071,775.825976888703,899.920417082891
"57",51455.5043224505,2626.47239634209,7388.60577236171,2074.88240193656
"58",48549.110774459,4222.81061053115,5510.72246587848,3512.61972840369
"59",62950.9801635574,1286.86653886858,18371.959412763,2080.15577308312
"60",2064.98457477891,3604.69364221647,679.249489235142,32.7492265711588
"61",21106.5597987186,188.700103391129,-9116.59187329668,1353.66317070854
"62",52020.3054793649,1868.3624018775,-4999.52518237196,1725.10347204174
"63",28529.0552772221,2732.87621399278,4070.37941856498,2897.0917178123
"64",54647.9797302469,4366.9139715301,10448.3339583684,3242.93164944504
"65",66781.0527161889,3503.3867250626,11134.0826067184,2041.01430463113
"66",7444.24726708324,739.519143144928,1581.96541335889,1933.36955836722
"67",-15398.5507473831,3898.41398497667,2707.58766484797,285.81394937201
"68",43583.4519828252,2996.10149244788,3943.17815328098,-814.583714450433
"69",58353.2717662315,3217.38453195486,1335.43403534555,36.5672845165029
"70",36274.8099889546,6736.4293430724,119.533292015575,2303.78903583625
"71",74824.5827824718,4556.90385809075,4753.43665359817,1443.52189961156
"72",46445.1643374778,4499.64970562274,1630.44352025441,3335.31309613638
"73",25429.6283442649,6214.67355652231,1136.59497957469,1160.66494981484
"74",102080.991755502,4487.96816557078,29159.4782264111,4614.93587506573
"75",98526.6849967374,2574.91044350418,12939.7620792055,791.447887123485
"76",83162.07878348,3572.43569831018,2230.77403239111,2615.60040919302
"77",116910.510344362,5809.94217430116,12942.9544974141,2449.0995900278
"78",73088.325372852,3437.91417348365,6020.81343971475,2049.76893813813
"79",43745.299568336,815.273257572413,3803.92591833489,3831.90543344597
"80",46675.0812235309,1931.01848196013,5428.85367912637,-1409.2662215408
"81",77839.0873085759,3042.40877197865,11312.3946771183,-290.064700086635
"82",75294.6728916245,4232.86449867469,4334.3093785378,573.23893718223
"83",8975.08140124241,2708.66827140906,5265.93464228236,2036.70319184352
"84",72140.5850982392,148.723914052755,584.74675638346,4913.81526687423
"85",76487.3763899897,2659.35499705715,7155.00089253926,13.8419678240305
"86",75791.3971047776,4221.24053387217,10275.5318457783,2859.72887561477
"87",39160.9664227986,4023.89532822334,14552.3756288372,4547.07503450873
"88",36644.3311520486,2266.7204478746,15391.7425172161,3687.40821680954
"89",78462.8585185565,4259.87635111648,9624.13630199282,3677.14758881676
"90",67594.5206416309,4195.05926332219,9878.14780922017,-291.837666616174
"91",64594.6501855948,1292.63477573103,12070.2993935868,2991.88786306002
"92",73108.9063445056,1718.18962297742,-2245.86533259034,240.652685311615
"93",92591.869227689,2858.78513475503,17711.2777996919,2556.52176771953
"94",21580.1698958608,1357.9602335143,4518.19504281777,1951.00701467679
"95",50881.235224186,1952.34266476069,2761.33603161155,1629.1849646561
"96",30704.2685589862,1011.63095936015,11875.0891482525,818.581238068342
"97",74603.167025073,6733.58746709012,18225.1372163736,3194.62987950011
"98",87825.6106011945,4235.41277837228,3082.18985267884,4633.14096213319
"99",83982.6869261971,-340.20688586649,18727.9807332834,-566.902669737437
"100",69014.4248802738,3270.11484917402,1579.11282287196,3169.95299361658
"101",60531.9860217717,3356.98465748964,4308.13158940637,2715.76770822774
"102",25418.7699018342,-290.508510625407,8185.13584684674,2565.67358420848
"103",39679.1380126221,1662.17408350925,353.290308221034,2378.65001998316
"104",28107.2682143033,3965.19089219568,6584.50059463091,-1894.22802199004
"105",21540.5720539003,2430.33850640915,3381.68014616837,1615.223984215
"106",50781.6328187527,1719.46886819292,-914.177465059344,-1281.50888019587
"107",95860.277579071,5182.03397971469,8152.67612925233,4190.56542786315
"108",82294.691131273,1379.29657301445,19654.9634352087,11016.293677901
"109",75505.9720379912,4169.50323355026,5824.03252495057,1273.22717609334
"110",44281.2597214707,446.919600002578,-4270.22245640974,5356.23015085185
"111",57890.0172068501,1659.52799509318,6661.00976574331,2526.13263480129
"112",58267.5708586013,1748.14836867378,443.127498979091,3149.40433947267
"113",36032.8086088909,5460.24830328375,5298.33400974931,860.309861764498
"114",66317.7260552793,2776.32268997237,356.437022185409,2422.84390314059
"115",106571.698765478,3942.57272105001,10790.3383955154,5044.34683030925
"116",87956.5593113988,132.040694457788,4848.87748685268,3744.16073537633
"117",71061.4189696431,4545.32472408148,10002.5579643001,7056.45463254314
"118",41049.080226677,999.422884618665,6675.11645461256,1881.47253601735
"119",42691.9166004725,1587.32898811923,12956.4184368479,4023.04178771121
"120",20587.5194883705,3283.5200096713,7839.60473277252,1963.44048018376
"121",13003.61326392,978.155188393766,3019.31436768419,3916.28724202331
"122",46167.0668514478,2724.8802159381,6305.28218131722,3080.04781911517
"123",72015.0160728277,570.92574893417,10007.3753473557,4616.03601486475
"124",29906.301398584,3774.93297207754,6786.18613945227,-188.095978481269
"125",-7859.87128259654,742.933560044445,2674.55230591167,-676.152970057133
"126",84197.7257001552,2107.87424700426,6420.62517414974,3191.04154934861
"127",61645.6030118972,4648.11701832323,13516.2271985298,4095.20408075369
"128",43625.9922273116,3509.64040555644,7566.49312766177,3902.75675990795
"129",56166.4161977331,4458.40672224354,1552.25623224089,-1005.28377560647
"130",50227.4783843934,1280.30029810029,11484.3659213058,3127.83026857307
"131",55049.4229303326,1535.74466536777,4442.39621961146,2217.90754653404
"132",135575.111321302,3059.9364335412,13937.5450036254,4581.81554143694
"133",60766.857015592,3953.15901792789,4350.90952725351,5487.75195764783
"134",-54042.7362413276,2443.14268075271,4035.67158366528,415.375336240002
"135",44445.6516392166,2358.51426760025,1005.53210054969,3876.02116407431
"136",-15016.3245243158,1489.75913637278,1522.46829987712,-262.889075167413
"137",24559.5985685323,4813.92240948684,13137.859086036,4057.62354545291
"138",66741.7633911649,4951.17561502426,832.262453943041,2590.28443945703
"139",77385.4219552272,4517.29478526714,4153.38938267166,2413.88120397692
"140",56316.1618367384,1019.87518024275,5378.75432953405,4590.19697785527
"141",53184.9117024728,5254.45432899202,13802.4369573207,-792.026422818934
"142",23854.6887564316,840.144093109173,-9373.62996359286,2744.50837826211
"143",98156.8111378574,5089.24737425737,4635.2137051532,5043.57334706873
"144",59293.5411525381,5642.73590644957,3051.1141323779,-1497.46574109602
"145",54056.0635014137,3178.08337146483,-284.665034457494,-1282.92058669505
"146",15988.5241407497,3792.96422382894,17031.972305055,6663.81005872563
"147",38412.5340427313,3078.2383651964,2382.58911610461,808.536190441976
"148",108957.475264415,4412.96082455007,13640.2663700819,4742.76250627691
"149",59119.4090140508,4217.99275365345,4710.57770702311,5809.82557634569
"150",17686.8885135813,3335.04101256405,10374.3369416968,625.018978250055
"151",74228.8531910459,5122.88051849874,12242.3099362923,2889.50755336269
"152",47902.5535018397,4708.68369565782,10080.7902897379,5697.96639164068
"153",94037.7135450369,6343.05912873273,12544.1691758696,1330.16102119971
"154",59555.5105687393,1173.05795178426,2834.48082886404,532.043903575744
"155",87518.5757421722,3838.34576536435,24079.6296076525,1639.20342932859
"156",80493.9635059481,2719.53115955753,10688.9516986272,6349.33094173265
"157",76901.1187360585,5931.02328510427,12732.8662338786,4095.07408668571
"158",49183.4572599084,5899.11436926781,1917.52817809079,2857.91938843144
"159",4775.91350188708,4060.1415443282,5316.37138346891,-43.1541049484257
"160",89640.7481654822,4273.56228797198,10223.5535858894,-567.549890295345
"161",64339.2460177575,2309.18624177267,16538.7510865975,956.142555992303
"162",27119.9402270314,1573.91803174495,1911.86890294647,3720.1027990516
"163",56191.6794853029,3330.89736000428,2037.5873334568,1347.50605693608
"164",64008.2293846154,3885.75360146814,-1440.76463651627,259.335700251501
"165",67884.1833600242,3201.59928858023,6980.46160042242,8525.07391228907
"166",20127.8561049534,-580.031484143817,-1868.81030592415,764.172704556733
"167",54641.9673617776,2441.53487205488,4495.75305543679,3147.26309715564
"168",106280.617568916,2329.20848196648,16595.5390296694,6602.57822556071
"169",70338.3770759043,3776.91095195061,7511.66609577833,4609.22055519848
"170",31447.2235484365,2593.63658272717,10564.2730731167,6173.73452083743
"171",49538.8423252917,2446.56475360712,4297.56757072427,2430.383487648
"172",89723.9545564361,6609.62436230843,6063.74388605069,322.326872326692
"173",95516.2595587102,2588.15329125391,3037.459945202,1347.11077762017
"174",64315.9651123392,6110.69388268698,3405.98291815176,6368.60329597808
"175",-17612.6385766687,3638.0863841914,-7952.47446540057,-1084.50699710736
"176",77477.8833774819,4912.45776902038,9995.35823374609,2259.36130950457
"177",149778.726461717,5534.94052472254,16813.8747832455,7571.021385752
"178",-32560.0551986866,2236.09217573575,-3601.44888357315,-644.962875134418
"179",83855.9907781953,4471.52678946901,10882.5523439203,5621.58893383425
"180",-12533.9345715388,1414.98071018845,5729.68574989096,4437.17636514873
"181",37046.348064552,5312.56512325129,19265.4202069418,8329.26135045827
"182",79540.9556554084,3338.94410385648,6580.48302583804,6932.49119820694
"183",12809.9077427738,3978.84117694371,6129.61269672932,3678.55069110174
"184",2574.26950039608,652.037645354505,21236.7361467045,4771.10454229983
"185",61899.741241071,7058.45958837125,-2241.9234864567,-170.697889055936
"186",147650.99219723,915.778787549862,6543.08401582147,3241.59646936962
"187",81819.6332730651,5350.44517702234,1791.39922020597,1157.04939398981
"188",102239.575845932,5181.29110767115,14013.0575939524,8644.55702501812
"189",63531.643748273,3078.24937827502,6733.79430274393,1584.52847023259
"190",31761.8554985658,6278.31335236912,9149.92962678546,-2687.23853323797
"191",31392.1948468984,3561.1072274296,535.125104346971,1257.76489470057
"192",69386.1194420942,5444.39001492272,4602.66898268546,3896.27350252482
"193",28990.0663504701,3687.21760165672,-10461.4584090497,2616.29365645873
"194",15197.6387225151,6767.59044153539,10101.8363328672,64.6039463368086
"195",91656.6291752166,415.142760936748,18092.1388798224,6175.79990391819
"196",26687.5779609415,6568.14000865618,1480.84430309985,200.953228685025
"197",40023.7179885575,2851.1032533597,4543.87463121731,4791.97364904564
"198",101772.724114773,3285.21271824225,26179.8393720899,7567.08341518153
"199",33767.782178826,4086.16440515368,7329.5767503719,-1585.31357229767
"200",66342.5272916895,377.614940216136,11454.4783761851,5635.33940672473
"201",72572.8176783485,4344.58118773277,14126.5272431576,4013.16637431941
"202",58594.1944832261,2751.87347879904,2978.36792934223,1434.51781201987
"203",43640.9496582425,4206.21377349428,2916.95847485197,6126.41694370745
"204",37743.7968066972,3344.25251957052,-3369.53799620681,1519.82214695347
"205",98706.8687089778,4493.51192045271,9984.03027654916,2284.47499914713
"206",56482.875254089,3921.09502089927,14655.8333554976,2737.76521522839
"207",59756.1213891057,3700.61457465497,17495.7054936351,4985.27177092366
"208",39305.9691977805,1642.96183162405,11060.7261646619,1267.32970989102
"209",63281.451711541,2199.49646619549,7520.80036118353,6010.1399963011
"210",63382.3391745283,7111.30156625886,17082.3223971491,1014.17355706551
"211",27522.8946769634,3877.17050840869,5581.45865172593,4192.90094296721
"212",58210.1740071781,3975.92131210744,10901.8285263625,2882.70549331757
"213",73430.4060459071,4447.79221206721,19398.9574163878,5146.49936520357
"214",42765.2139581752,3930.82292890982,7378.68647039392,4712.96173203807
"215",72379.5424075417,-223.224618881582,7523.61009308011,737.171788829832
"216",15997.6403678051,1267.54860261625,1810.1122224325,2358.85618608242
"217",48980.3634174303,8000.50457519427,13888.0938099797,4097.99178920314
"218",52564.077694515,3376.2372800087,3589.50203666254,1527.52239119614
"219",54564.2211495427,6274.20665968582,-8167.67105243937,1343.11486319407
"220",86442.3534900708,6202.7201181869,9882.90876597255,880.23133378673
"221",78732.9789716072,1774.43918503443,18469.2422877269,5104.24320054061
"222",98282.8833327605,2137.32072813289,13744.38514727,7021.29612409711
"223",80932.3714030395,1401.38288773341,-768.170312747092,1860.66155107829
"224",96349.3466116584,3342.08312363524,16381.910658578,5380.09480456118
"225",59595.4446729978,32.5569358420489,21655.408342287,2995.10214814532
"226",115360.838342223,3361.3467948489,22461.8975153267,7535.90426291819
"227",58589.5957226358,6092.00056807261,18649.6754360918,5490.26299954156
"228",68622.4560309425,3783.63224363746,15676.9468409565,3046.05946414256
"229",72133.4356778718,3170.19020487968,18063.973745361,7017.49966237214
"230",89265.103911092,8222.38659188946,6479.1341471703,1070.3962959134
"231",43874.7201449048,4077.92574016127,10927.3089963097,3548.46160632947
"232",5386.88936099669,3315.41410144771,7797.68340849043,-2289.92606805603
"233",67361.6075696741,4197.17533004925,-3532.93994676305,697.080193771975
"234",61578.3365213332,4216.02013383512,12263.4640289848,248.614082685892
"235",36124.3700582321,1378.01462178621,15490.2921744493,4322.49685912307
"236",56635.4298180407,2617.71972063503,10515.0891783994,784.79692321292
"237",77683.7058191041,3336.13598155082,3932.22573641723,4844.77196869646
"238",-1155.05266315375,3818.41579697343,13696.8135441093,1729.44885999382
"239",62818.9069807508,4451.94871835028,6433.43217844487,3202.12822320532
"240",41435.0224038802,4195.91064100785,15437.385524768,739.409406667583
"241",94143.911890641,4824.49611412086,13787.222373544,4111.07360453217
"242",30208.8793505879,3908.58252125939,5067.49946359651,3661.0653394686
"243",81276.6546946364,2980.60620387567,10169.2661971961,2525.38822240564
"244",25121.7982944108,1894.62019523758,12760.1114076215,2096.99968805606
"245",77611.8644381562,3222.35437148342,15114.6899973001,1191.86857008296
"246",21744.495255731,4141.6985717553,3100.34786608906,-2018.40692109231
"247",94024.7196896692,4804.63248290924,2596.1511215359,-573.057731099873
"248",74931.0304869304,4941.18885260804,10644.9569996673,2796.73056017193
"249",62839.2414167836,2449.18225021975,1803.94237616351,-1093.17233419807
"250",92670.6980957141,779.600007060391,7186.51134213027,3543.96089604997
"251",60111.9160755105,3930.75345321555,-3347.23392478179,-2441.81465074461
"252",10277.259400091,2849.62716694062,13055.8927670096,1974.47828936141
"253",64694.0391757076,1511.49229123725,5197.88295347132,4942.94394854412
"254",16800.7075572126,3610.89501391269,10922.9284173806,2365.4813430696
"255",34179.2327754984,4473.62494193779,-5107.90755413504,551.853839598481
"256",61047.828802811,3192.99347972905,10223.6129835036,4846.60585866426
"257",97320.7668202163,8234.81046329728,15492.5106680171,2847.92810266184
"258",71836.4307115363,3204.86104147692,7716.3086494975,2603.58406352634
"259",34444.8480608709,-1387.08909826868,1801.59425401866,3366.95710808351
"260",14988.2699747733,6975.07469185829,3307.57486252194,1056.95184102263
"261",32429.4106051925,4745.49924483637,5397.67242309753,1760.66116004019
"262",112443.869278527,4804.52515245813,6167.09799678739,5917.85053958388
"263",37794.9850910137,2464.09668351603,17319.738610633,3654.31024479938
"264",83676.6280863275,4465.60718733729,10722.6706712633,4405.00751839251
"265",80249.8556791411,3278.49798809078,15840.257211761,4956.80453238051
"266",41281.9189472027,3557.8272649984,-1706.72704461562,383.750436365531
"267",94844.6481958489,4005.36764873138,25718.5846839554,4849.75712160043
"268",-18481.6198150654,229.275816802444,-647.437037160616,-1153.92005053145
"269",26796.4600720001,4203.56125518198,15801.5226673253,2067.36324296376
"270",89108.2518870534,-538.430278849796,11816.7999455258,5924.47647082287
"271",96851.6684340634,4443.37385467985,9784.26188702471,2288.08947102286
"272",23398.8307860673,2038.75652972804,6875.03965728794,377.736875695435
"273",91636.4621995423,3309.50494678682,14041.4332056212,2757.71113826509
"274",36702.0815109702,1059.78909121206,2541.73385891687,3965.15507464006
"275",28960.770508587,2010.81408991144,-895.882369164683,1730.73548366437
"276",85645.9624651057,2235.73383488656,5289.74256504985,6728.11375088723
"277",60920.9702624599,2934.03373385011,4768.23029542084,3478.87707170578
"278",94204.3588870868,6716.04844805691,16890.0297134626,5544.14676990762
"279",11137.669344865,2793.78721737026,16148.9761542835,2398.32758659525
"280",29228.2533211094,965.515208079533,3363.95253347174,1750.94623510001
"281",133984.225585636,1004.89471535541,17364.9998384636,3328.37149054161
"282",48373.2235663496,4749.1859816588,10920.7834148419,1716.34409430429
"283",64790.486986845,6331.38697294909,4872.0843729292,1377.81672610858
"284",-8729.45431685009,3026.72551690558,1767.94797537546,1009.23444328155
"285",88308.2011035383,1421.57670386873,17035.5867765714,5314.09604620246
"286",37058.3649595849,3866.21398324387,12693.9576798348,6461.58437101474
"287",15429.7482236855,2067.76532816003,97.2146684504424,-1788.30269951629
"288",45239.6676741207,5225.39198316613,-3475.23199081244,452.328537540435
"289",83690.7771358966,3510.5679453092,13712.4557827111,-297.971477239604
"290",80539.23125078,764.919830205313,22551.6895037705,4603.58049488217
"291",-2648.00198560363,5709.0025280256,6930.16101584633,-3634.32643225633
"292",40683.4514720876,1037.88083606237,1995.98169223088,-380.191932492902
"293",41418.0679901881,2445.86850172066,6046.08000959294,-733.308718981382
"294",104169.746536413,4725.11928650184,8311.10518207528,322.513132892274
"295",13661.5391162188,4543.75003736407,12905.2360117959,77.4619415722821
"296",88234.5319215826,-683.829053890644,12776.9240408067,1730.92894351256
"297",64922.7898697574,2042.32641600646,8093.28265186988,3521.60714954291
"298",-4115.7793735368,-215.495394004467,1990.87800477672,-2863.13518798465
"299",49539.6565988899,1636.70818788546,7828.07979033589,-3470.66303617509
"300",50147.2922201726,6546.07788698596,9685.15261017822,2295.9900833213
"301",95496.2152985153,3967.79338268559,18212.6832427662,3565.42462079583
"302",19348.625482619,3364.89212118002,12891.5728175982,2481.82530044988
"303",44279.8328119307,2152.43523678425,-2370.74989774488,-2490.39762262665
"304",17540.1744530253,2964.39914148992,-158.804051090142,1106.89537995389
"305",49853.553268432,3203.25288981103,5212.72105627655,883.547353409653
"306",65754.8857677569,-1049.8326621831,3408.38480380739,5497.17535063873
"307",11352.0644630795,3234.28753396978,-8627.45668681261,-2129.41643520197
"308",54845.509646629,2654.41196608844,2987.82271941801,179.478656020296
"309",40905.8317804838,1930.9854454194,-2259.85817471675,209.955975978939
"310",62519.6444748222,4924.51729500967,9283.79990299436,637.173660004012
"311",88046.2419228552,6421.23986533413,14772.2707129156,3006.94879768591
"312",24985.489102307,5250.3097261269,12375.4159943436,143.580662675173
"313",74068.6623984804,5935.25516876922,6922.46043502392,3277.1303396985
"314",-543.346875008348,390.186477680852,5904.7769140433,690.956001067368
"315",55721.0154398729,6229.99064733005,655.592589971371,1108.62938543329
"316",111244.248919562,4200.71594574914,14632.9007994037,678.266268633512
"317",60457.1847276489,2233.87927549547,8315.75011677991,-29.7065641017747
"318",58231.607408305,4028.58261102225,7642.2127043956,5420.80193935651
"319",94817.518106736,5402.56664474194,5584.03982879878,-3286.85337891245
"320",64025.898048026,2770.86284800949,-1453.88374790573,-531.156097495492
"321",20432.6620301522,3565.91290813113,-4860.99375843976,-696.778788231109
"322",100633.764298427,6614.32924123105,11965.4884886495,999.466463015593
"323",16346.4103237014,7053.98047462177,3484.05051602798,79.1046410676362
"324",72495.7601072526,3308.74088074628,3309.45083330791,5028.55925635053
"325",55114.3314631532,208.955706187752,3585.41982722998,3019.46575055781
"326",21206.5631360525,3085.1794502158,6745.12687410587,720.351920429604
"327",2877.81262611771,2028.49408985981,2944.79874475308,3711.05972016148
"328",120197.957324143,680.233858725635,8259.34195070784,5101.36333362578
"329",59146.7753935448,5453.36080071693,19289.2672349239,6194.04774642242
"330",100093.049892504,1592.76715428545,21296.2179398429,6917.51763937495
"331",70735.4382396176,1309.86996710616,7291.71066445074,9132.42290600397
"332",51806.5719096157,3010.1017413481,-719.683513411584,-1010.6523712613
"333",51171.9071676489,1979.6031166899,2603.2738130694,67.1460121572679
"334",33403.3943403555,384.357400547188,559.640354809902,4015.98825129953
"335",51662.8572850663,3448.26889275366,15865.3158374589,6895.49889529179
"336",81643.3620488839,4047.17890716869,13929.3171952728,2555.40626571189
"337",9500.66504626386,345.073096886691,7561.86021449712,256.348028076347
"338",-10299.5916335388,4455.40034651297,6615.26816037427,-2683.42881341319
"339",96391.0730829246,4833.21535148597,6508.81877369492,5612.49367070975
"340",62326.5580995439,992.112585168998,1105.97182532531,4807.4520331394
"341",12602.5132316157,-159.413420765448,13134.8676103915,46.3732926087262
"342",81088.2724822024,2234.97285994382,-250.951776811899,3492.10072753254
"343",56488.6789007583,2705.07274579298,14751.8709829037,4294.92360930847
"344",14042.3667365083,1469.07059415359,-935.01497472103,-906.927582818312
"345",64420.9849097856,1949.28072324211,9257.06521482141,1484.59361027843
"346",80162.5507185689,2602.18137154384,17473.6661336928,6533.60082802792
"347",74429.40271356,3586.61844096474,21995.8247734906,4739.32839580841
"348",55038.5995007196,2354.05122641318,10855.1183958826,3897.4591090636
"349",117287.121869994,3224.91395392417,16841.1737016124,3971.83245333678
"350",79961.2006407794,-690.642422798916,-2616.50722727989,2378.90181793359
"351",115095.936137483,2480.90729667903,22246.0418452984,3376.86438272692
"352",32536.6518742109,7277.77355055951,10635.8933584546,3657.2590797715
"353",78891.0661995535,-634.461127866219,4806.62131321755,3131.20132182375
"354",-27142.2689980984,-279.135740754715,3510.22236035721,3004.85515527236
"355",80226.0496656541,2433.03168909926,8365.8030281037,4011.45788703717
"356",-1321.55526693135,2550.76785953885,-2292.39071157854,1337.24631182344
"357",21501.8378224495,1608.24537341988,12180.7756171031,1721.79391101573
"358",41935.1528193076,1696.20046405938,13877.7017794566,-946.38274574864
"359",67743.7509940608,2512.21984251327,6850.38908020943,2509.93194769022
"360",83108.7671671404,3693.64960613381,8843.32305800992,6888.4963497671
"361",90587.4724170017,2949.89909022088,5781.85545934355,4859.18605513839
"362",61752.5411559202,6314.87549740322,1821.04374544203,-165.447205216517
"363",105494.557423529,3534.70872032692,13950.4058139604,6449.75398317546
"364",57411.2541633519,848.55410604615,13366.7822088839,-1349.41270469571
"365",70121.7302714781,3095.79112686369,12035.7285669054,4507.06955682977
"366",47898.770895175,4961.01878373108,12609.7483463284,4328.31991825921
"367",5565.87846516322,2994.85587730367,1388.71151694989,1705.60296096691
"368",99479.3723873997,4736.72327824404,17798.1339073724,3937.63619692825
"369",5370.40980739728,1391.75991299372,10276.8823386509,-1246.23923894205
"370",17028.744025068,2817.3895347303,11785.3844419748,2466.76153837473
"371",77049.8396636444,2566.53225820429,8583.87579684393,3529.00647095752
"372",46984.1232430206,1107.71137593242,26911.0766516986,7154.73683879562
"373",107560.47061169,2215.16894259849,11765.5864441244,4244.96629910931
"374",63151.5807114866,2505.42841408228,5880.18235840423,1463.63445228754
"375",65758.7811566989,1771.33720051794,6201.07758243105,-1041.99362385146
"376",72951.5797721051,1060.52918892821,4855.09642206428,3307.36236905611
"377",48828.7662633164,5801.11457142755,3141.96622792429,3557.60787771767
"378",40113.1755262801,3223.79781246259,-2108.80248931082,2888.55997465602
"379",48922.9766648147,5739.48540895893,14111.397506587,3341.5950137155
"380",48247.1955686562,603.619482177746,9816.49329460187,4077.72385002458
"381",140208.325255683,2818.86895948174,14548.0360471785,7619.63418434256
"382",25183.6305289948,4053.81695505138,-8125.56521507591,385.652885036397
"383",-15401.5931165703,-1555.77114334229,-3618.63492753394,2244.95755243949
"384",44362.8749422983,2019.74212398214,-2587.21900001714,2409.09940852458
"385",9468.61768642425,5505.93887031321,5322.13681906887,-68.5255136599392
"386",66755.4326289013,1322.89435752068,16210.6407626926,4613.95133413426
"387",95576.8714035801,3242.67582151382,9095.9408914563,8051.25258838567
"388",25934.2234208038,3409.90658774801,-4617.67047554633,-1292.12532189406
"389",33890.8150287226,1192.63817943185,4501.23771310225,1221.64425556647
"390",83997.1214660919,2239.26800939656,7401.70626081026,2343.13269234797
"391",113561.501234097,4009.03727997974,18855.7240715345,6099.88866349361
"392",85519.4822973132,4842.1523123767,10716.8274802762,4532.91618123519
"393",115480.77886989,4424.06247961912,13851.4666063461,4071.99117363069
"394",131859.682850613,2623.57313703537,24252.0634652149,5402.39012333974
"395",28437.0101516336,6077.8878429675,10307.3336528268,3031.80753730398
"396",84636.9782297015,1663.62537343468,9052.1094890758,4946.02548664723
"397",52907.2996162136,2090.98069333069,13957.6042075763,3383.25891296873
"398",17986.5816846765,-724.287890762092,-5274.71092578739,505.026067064023
"399",15868.2516344996,406.416992607129,-7408.98435139925,2928.30661613205
"400",69946.7738082858,1256.59498936357,12424.3008288007,2908.08379045655
"401",39127.0153849088,1857.7368775632,-1486.63705938085,-371.594737131026
"402",9452.2885279531,1937.31192722879,5276.9863067965,104.08146281585
"403",16742.2990273045,3923.86795131528,7909.43822463593,4956.46154965853
"404",67335.4184589262,4074.04121310928,9567.0035786325,4526.46891641323
"405",695.861603340263,2280.8411494051,-6212.92068047565,875.775075751638
"406",40356.0677372377,5053.0084032599,9198.10329280078,8225.06832047666
"407",70175.4241678584,4522.91109458564,-1711.34098551146,3566.36428391881
"408",77204.4025732758,2203.33034454565,11812.6603662384,8752.63523178716
"409",98118.4792136726,6008.44114454219,13566.023742662,7815.04981682156
"410",27887.1701501215,3025.03546593657,3195.76296343965,8741.99092330831
"411",92258.2521607087,102.805188663894,4153.36501534041,10697.2311439463
"412",3328.6129079667,4591.66690095093,-5679.73032199633,1805.81499422095
"413",58686.3603911972,2389.1459186182,18189.4819084959,10238.233399766
"414",80143.8568806434,4180.28103835647,11945.5354854578,14104.4243387465
"415",102174.342828042,6190.47122571616,13647.0839725075,9750.05414381696
"416",87061.2531758915,4346.11746697878,8553.95210980017,10971.3570957158
"417",36765.4208422133,1130.56694747437,1652.17019608364,9414.02048468327
"418",91152.655787758,778.406304116112,20419.1142588963,6866.54921383552
"419",36051.0322708329,-486.121206129614,3339.80471258837,-706.191733381021
"420",106002.194174622,3432.35540387147,16258.7119653723,7283.69272299386
"421",82326.0576247815,2484.20647932693,10878.7116935043,5841.36108824439
"422",128125.339006748,1781.1464814321,11350.6397155592,4154.29536877152
"423",111036.731573004,2914.98145283261,13332.9658757849,2763.491932215
"424",33987.6905113065,5539.4978729578,3100.84334919194,1869.45435701413
"425",65632.1649574368,2209.04488162049,-1820.41523671178,4409.6307373788
"426",88044.9929067961,5583.76180841381,16193.2211412381,7154.74584216548
"427",26960.1355365237,386.333644460938,9446.36771761448,5112.61077426082
"428",133161.369144523,532.305219135976,11925.4759299179,7515.63044653724
"429",-9643.44776167625,3768.0422361241,-1450.40429878828,4251.80085565297
"430",50995.9722483443,3062.27967645449,458.900630765577,-1282.52858405733
"431",48815.578313328,-560.848302917354,10441.7620220506,5019.48704857604
"432",73054.4429394935,-217.744484642153,4968.15693020483,-1587.64325651048
"433",145003.128051477,2791.1013965212,6656.3253402002,3624.67786459746
"434",24941.8682037598,320.9126759233,-2264.13566126097,-2748.66172732057
"435",67036.5243080838,2862.49359737977,15006.1462007625,2293.71307656002
"436",32726.2348200366,1990.20248248689,3725.00181294643,-340.02922156981
"437",138938.159616445,5643.80303138025,13956.7745250829,2167.376548236
"438",59708.1985500389,2158.14641554673,12898.244080568,6526.18164269509
"439",75579.0374646234,3291.46581785907,-1514.12972379638,2025.6675104396
"440",84085.6271845945,336.0277842064,4774.12626556484,3293.12766085389
"441",82087.8509198033,1537.94051369161,-2659.91030666398,3584.03321831878
"442",38454.52499712,3382.16491168408,3622.90412207957,-90.2135234284078
"443",39192.1483472725,2564.15547936893,1772.49322492898,1855.56739830411
"444",38919.1239300304,2992.94491078295,14477.3361340432,2516.67229870261
"445",70271.9893189998,-599.69955070696,6649.63672475215,2863.77896929195
"446",79213.1519594113,4924.50593561422,8041.97366002314,4158.16329963221
"447",16048.3677126985,547.154652203408,3492.15435162543,1001.49822385482
"448",68321.0226388871,4044.30564764679,21285.0998954926,2651.24742096938
"449",68231.836958086,3928.97115775118,4665.13585772323,7712.48309799157
"450",82850.1909259482,-127.951495719461,6500.87467309738,1051.25435177596
"451",43828.3589623242,2857.41403821546,2443.99627438582,3535.56272368173
"452",13718.0060424087,2420.30238955449,-11204.3664561157,2242.41520028231
"453",30274.2042305308,5335.72688936473,1316.20193286646,2656.96747951195
"454",61401.2186446462,3364.62817861476,8937.91470349576,2732.91404332247
"455",20352.5947542387,1286.7191022224,6398.7327477512,-633.896834775151
"456",-17295.334486338,2975.53794867239,-3899.24941747792,-1717.62179959757
"457",47184.4091445756,3917.87152093945,14488.5368053649,2257.87340622235
"458",106252.564084634,8144.66673794707,13528.1689843313,561.742843714338
"459",62248.6175081219,6640.76907671408,6809.72161339449,3104.47942452408
"460",52790.9836308363,4560.63213754037,10366.5680499474,3341.49476621837
"461",61548.8141411776,998.795731188124,1493.60144598653,697.211444592735
"462",-14886.8118453167,2575.12096319413,5481.28470479163,4071.6657406694
"463",37873.2838978828,5447.08523605473,1707.33580462304,4575.12793488485
"464",49224.3015299747,2374.80513384977,5358.33799424459,357.193051245745
"465",61480.4062738155,2201.19469160734,9716.00078957966,3139.80609591409
"466",127152.10196124,4340.45558552945,2472.38601556104,2611.87235626986
"467",-9461.79052112071,3344.37073405663,4444.92016718947,1564.02116694083
"468",98026.1186377013,5712.26141898563,5084.80380076584,2700.45453145486
"469",32501.1103032318,4307.61050854977,5743.85693956956,71.6107927065736
"470",76929.6051102033,3710.81961305922,10624.6959208295,-410.815637689402
"471",4238.85702201792,584.31929347206,7033.66540934555,-8.41720295369851
"472",94468.6546017522,5518.85493286956,14634.0595528357,3280.52251996458
"473",128664.718604785,3634.03903718008,7027.65015769858,4210.79980280416
"474",43368.7621417706,4411.53358541496,3808.41659258439,1846.4833266472
"475",104986.038514766,3057.52429832468,16064.0422326457,2169.55288916016
"476",57548.7818965352,6322.07303797935,5498.17272873495,3580.87598267957
"477",4465.75718001532,1551.3278716214,-843.245377215254,532.985716232541
"478",18164.0560449521,3248.23195038865,4943.95349108339,-2874.77796369933
"479",46711.005715933,3573.57076038436,6614.09858414237,-1511.54905040713
"480",26332.4475916198,2584.13269759818,-4043.9060251861,407.426080734236
"481",127989.971437378,2464.1423983987,16574.7075742376,3845.83419836417
"482",45846.0448102352,3431.95333106363,7011.44961625723,-960.127594512536
"483",33082.0685375329,1347.4754839763,-3929.83717383784,2280.86061171416
"484",41191.0855655591,6020.02663254655,13355.1247226239,4416.69149235166
"485",38862.6549173087,3967.20693823282,8698.28984009327,1036.43161655966
"486",32591.3438868677,3902.94791935003,12695.3278170456,1981.77737864508
"487",-3301.10597074067,759.935905104021,-2608.27642023129,573.235239424935
"488",59306.9430579271,3829.83192736237,-1230.06867379828,452.836858457251
"489",55779.9324156996,2853.79058805332,3393.57719384418,830.359574493591
"490",79164.3104430852,3515.04733645395,-1334.1646315934,-1019.42811420589
"491",38518.5276021597,4374.27316175901,20115.3058856012,447.957393502314
"492",-734.386711117193,898.062606074271,-206.374470731809,-937.461406207361
"493",70187.4978996588,1213.02110322099,17000.5097686251,3831.75327068777
"494",70664.4861128659,3916.9087112719,2178.35956051463,1909.25570423486
"495",-2116.3439843387,-18.6614576462218,3836.56221711913,180.528706980961
"496",37888.7444927956,2311.16892244861,9621.8306547592,20.1783233996855
"497",72924.6520692531,4347.57809538257,14347.4671965783,2133.70684569485
"498",13370.8843307234,2338.47395927428,7791.2617952347,2311.61206419824
"499",4717.07583346165,811.54470993879,3511.61771750859,1619.16161727922
"500",71844.4650867583,5300.86261795,6418.97493802323,4867.21825850785
"501",53161.0524928404,4561.27224651289,663.095653414819,4216.66011377672
"502",20165.256971406,3572.70603560184,6219.17814577321,965.113773139482
"503",110090.122821759,5577.45689846074,12876.0486247078,53.4223467458155
"504",37467.4226812048,2738.07993226351,12794.558826063,840.453054386256
"505",66771.3390495606,4371.60343739774,400.3087947497,1665.99334008959
"506",15870.0983516345,2949.47965220706,8601.59419651456,1497.74988118366
"507",28906.2998299112,6143.92474026524,5893.57915742037,1398.45984621596
"508",-6435.01113476505,7007.01934454113,-3875.34605905821,2175.75003064855
"509",62948.0068063048,1591.26697335179,12864.7651815302,5722.97022138828
"510",63036.6773963871,850.474498089053,-4353.81469211602,-3160.55672919969
"511",86144.476022164,2389.27683448387,13615.0751503787,1675.78570899068
"512",52918.63790599,7377.15058057057,4283.18992529126,5443.01444239651
"513",57282.0624212873,1293.65353445875,2319.74703747874,3043.40383362711
"514",-8517.35440034766,1537.63474873274,6965.9021858174,-1391.85027128541
"515",37480.9510250664,6750.52670157637,1460.63960524051,-1110.24116582516
"516",38999.1170399943,4191.04389632556,2894.68911796942,4778.86588298218
"517",20578.710471457,630.906261690528,1051.40341206395,717.37488277431
"518",2990.7320754739,-1520.77384713228,2087.08444650391,258.267620826187
"519",8702.07022124678,1136.51620033696,-2997.22344498078,3262.94592418849
"520",85171.0435212575,7471.25835028435,8263.0951381652,-1838.71479423003
"521",105558.676828665,2705.33138254155,19068.0716705289,2756.6915711433
"522",41290.3332160754,-2151.73009972488,472.032858682508,2190.28188210833
"523",60056.9024665813,5359.50630526337,19846.596440386,2778.27447777746
"524",59985.0120356137,2782.74917451807,6424.83589949124,-199.926614114526
"525",75313.7553146368,1525.57231879508,10937.0571976385,-1754.41387609104
"526",83505.4326991208,6367.21969658354,1302.68303251393,-370.760314924454
"527",50626.2953436859,5915.29926593061,12484.2501207702,2492.15811739096
"528",102461.630581618,4511.85139752074,9233.79126158758,3147.67000257765
"529",94527.852087158,4118.36709065005,17215.4376949129,6220.02557603663
"530",12147.931275421,5751.57308975114,7294.69507815983,-3945.38719887054
"531",52380.3759797576,4038.50560200388,17612.0127678413,5461.03513505212
"532",53099.3250504608,7394.14204120164,10566.1015386721,3865.97529851577
"533",19979.1124033467,3053.46505343095,-8049.14683159981,6720.48232991166
"534",53451.4266445926,3229.79850928318,2195.85784118704,2975.82164968986
"535",2742.33152032421,5369.38366015121,1464.78814018609,1011.13488882294
"536",107039.342384983,5017.72865591423,4913.75184370579,3500.63658968092
"537",107224.934528294,3738.39528971215,12504.6266183504,2557.58571686541
"538",67280.175606209,3749.35204766356,11476.9038378908,3048.6345756127
"539",69918.7661261175,4318.15887803087,6736.69503592407,4124.89995000179
"540",113438.069067665,3768.6980564806,16148.3196929038,5580.62808129676
"541",31629.9856581434,130.671469140939,13922.6907869933,1872.08854029075
"542",46534.1784637798,-193.272080127296,1998.37419153079,-1250.84579979762
"543",28012.3523601102,2302.32320629804,27.1540930145566,1941.0013966823
"544",65600.2271610453,3763.82116629139,7520.16922335122,7735.90831093998
"545",45571.3066396047,2542.54806274377,5642.54864326258,4818.36236737365
"546",25124.649449356,5280.85745907841,-544.035495740414,2254.18001470697
"547",38582.6758619439,777.33725327465,16507.4520908318,5853.47894900077
"548",64665.44108251,4297.83356674742,2340.40290594525,3361.05649241115
"549",69090.1852638528,2968.69107469505,-4960.64799838973,-2750.30115797726
"550",45185.0236967914,5703.76171783267,15425.3179288401,6238.24029721743
"551",30750.3111515485,5396.22280596501,-922.813139886357,-2356.48783828107
"552",44128.1354328757,2830.89247582698,10164.4375332024,2218.58858969641
"553",83362.853642172,4975.80712263814,-39.3678110670926,4086.76099481307
"554",73958.6618795071,2729.44429895397,13579.1640102235,1023.57339557862
"555",79236.4798109983,1486.11528140835,8287.23038085719,5887.16349638904
"556",51336.6289874983,3007.62866428881,11169.6892559621,2645.13198195652
"557",25561.0773689169,-49.0492817218885,2734.38192839552,-803.168034280008
"558",41033.5020084981,5092.89128149415,6947.39254303888,1058.44141634561
"559",98816.9450363504,2329.82645545043,11281.121994666,3336.50663195096
"560",27041.5002668644,2370.86251410712,531.003237935402,1016.05696478274
"561",6689.98940239888,4147.52194499029,8124.14513608005,-4766.22271289478
"562",37455.6357621006,5565.35141269521,-5690.76412610147,2412.09475911173
"563",40302.5595190283,1562.08444916345,11084.5083836967,6153.99802346276
"564",43950.0701739192,1456.45173754627,-1585.6955893556,3063.95821878153
"565",121551.137801895,4839.65656285373,20818.5551837429,3255.79909562085
"566",34149.8500566828,2328.62785576419,9347.69122277241,-321.733411554663
"567",81149.3174827831,4487.31506264373,-3330.77585492672,1361.1341662732
"568",53030.5545660429,2979.33011196031,298.691156156801,2880.23200754091
"569",40742.3987791526,2295.94781142668,15897.7214284961,-91.9696152816746
"570",27163.9457051419,5481.3315041619,-1638.09368196839,515.288173216895
"571",27071.7294848055,3609.76032974484,3024.31309161092,3853.03489980094
"572",85280.7417446093,1102.66147988669,11367.5854878539,3207.51813897558
"573",73159.1670474359,3593.93761795055,17534.070536931,4523.31228791416
"574",-12441.9139983107,1729.26006004638,-5525.61268628289,-1349.96579873753
"575",77003.024791791,5695.27849710413,8217.25507247795,3096.08873010801
"576",89397.3949667128,408.61551791261,2311.15463423284,4361.03533770537
"577",35170.9804828417,1876.31233435474,6327.37842014534,5669.01674070022
"578",7433.05331060544,2546.07074122289,-5746.42773760364,-3201.79748465915
"579",65154.848699422,3488.09811424093,17250.4646656867,595.998460526097
"580",145425.679711979,3457.8579478701,11921.7241090602,1690.54248351123
"581",-42265.5061068697,147.701533378246,-7004.48110232318,-514.203866533715
"582",54736.455391998,2886.49958340611,13691.5456490364,810.923508753969
"583",111782.421096143,5126.81194522277,15794.189127405,2379.9254008969
"584",4040.08325136816,3330.75140055931,5842.96252045377,3525.02588146544
"585",57573.2229637581,2709.09734651502,9455.66564751147,943.956322247859
"586",-1203.67890338662,947.165515916815,1647.26336712438,1963.73036864544
"587",-11705.2827355901,-1304.10013180058,-10888.1291972461,-1099.49819952118
"588",52032.5069459025,7125.95214823306,13804.9826345492,5538.86452114624
"589",10557.3426703971,2066.57975490595,5980.63670845884,239.918255370594
"590",31959.8579302431,2372.60523740861,5579.34028574392,1723.53028582093
"591",39976.8549855594,2136.93032564538,15832.6480024447,313.101231275196
"592",82010.7637125427,4926.35525839184,13381.8062942394,-778.796347527354
"593",121354.751218061,1161.27607744309,19337.4599529188,6155.8531202719
"594",124578.832005269,2917.10194769722,6897.3403969127,2602.54216445266
"595",15791.6444965709,3843.52826865625,12233.4342685124,3083.80480650042
"596",36110.588160212,1230.67823266223,3712.76425410274,3601.21101017718
"597",-22391.9133342051,2669.2419154164,4659.03533799137,2452.65224706054
"598",101969.801074493,4629.45533905894,15379.3543120639,2510.2054251643
"599",88750.8399583444,-88.3216619501898,11858.2170379815,893.706488514003
"600",20631.9528966253,3130.96544857216,9403.38349415163,2991.07732850287
"601",-4162.98628670876,544.278827591666,537.75051803483,2209.68894174358
"602",49141.5643592406,4470.46827075752,16343.5052279458,5939.32593564874
"603",-3135.59740633045,779.235382835706,-2249.00774486917,-958.173733872687
"604",56967.5534209188,5576.94494285788,3223.72823319427,2279.41175327841
"605",42616.9233742198,2331.06714088552,-4429.34437017257,3634.87292326498
"606",44601.3801756242,3756.72320984931,-1702.50358291374,417.514439755619
"607",69484.6766580182,4100.20998283569,15020.4406627468,4592.03443293563
"608",35982.2238751891,-651.241961815033,5388.15057470412,1214.84730829848
"609",133859.239061979,5152.27373513186,14382.46387201,6679.42642573627
"610",-33425.2213457164,1571.87841091834,-6062.6191685499,-1801.78273930444
"611",109576.536455715,2682.82118218847,8228.9684883266,1034.54270963097
"612",37305.9326793717,-12.6682357761726,1311.08998976207,3083.51371009207
"613",82600.0995078381,1641.05269007891,7495.1028361853,5384.19603911114
"614",37654.0627367034,3432.65969430042,15619.6525576339,4568.2028831287
"615",22675.883904775,2024.51826663292,3073.5033657612,4382.4555394364
"616",50922.5215552202,1765.59011407072,7579.98255868806,6252.30876265669
"617",47375.5206176372,2191.96496785095,10363.5047433291,2127.64637239552
"618",14077.6133825645,1670.78932071168,2116.84337660011,1834.06536781573
"619",28804.7610138117,2452.00813321898,1744.91840280449,-2590.25592375809
"620",34470.2426287717,2936.25466097799,7424.71431817333,3204.91306304812
"621",42357.7921143628,2893.551743982,7277.40628865889,1939.38072194163
"622",28233.377809704,3497.6074975534,3060.07332436686,3403.45562235034
"623",-204.590740479231,3281.80014107101,6836.62486149706,3235.60365392227
"624",67939.1262420084,2033.57960782336,9154.53826376768,4074.45987008208
"625",115223.126573145,1371.26667277127,27539.4411554761,10942.083604442
"626",25967.1885621983,2576.7126378578,2987.15599775058,4524.78853890915
"627",131554.40018121,5877.52600540209,16036.8976068195,5817.93244907056
"628",78801.286348127,1765.62395112463,18738.5442887574,8334.7279633718
"629",91273.090416745,6224.21465703411,9806.59492574498,2640.26654077227
"630",8720.1965510864,3288.32027094427,-692.050200270554,3100.17433020608
"631",104734.94209383,4251.5016635267,16893.0239955067,5650.13175960209
"632",8347.59945895514,3231.67438125385,9241.03098484885,1375.26096837442
"633",12956.3418191468,154.37224037298,-971.320755363184,1270.1512657492
"634",-17310.2092110075,2776.21393624055,2168.24876843092,984.022241722128
"635",96219.9423321601,3925.25598682872,11370.7818053715,3349.00831023191
"636",66120.1967660278,1335.62527686155,6771.40590967094,719.035500884832
"637",100459.775667004,5317.5124308572,950.586174224322,2952.55271965066
"638",57711.7528601293,6564.28357906939,7090.1726116248,-1.07689167506169
"639",-13014.452740999,-2214.99096528437,3675.75432761219,2986.50109369614
"640",62182.8699005325,2860.46119722484,15505.2189026406,2771.99886264737
"641",118755.455747227,4998.75120980892,10753.1361715835,7595.42837317038
"642",68060.5312501064,7587.87595998545,-795.455514096792,-453.793217046739
"643",118761.252273421,4732.03526094389,18255.0355244399,5426.98934288996
"644",54644.2605989048,149.063177944222,14865.0170717635,3960.53457839631
"645",82688.3866582435,2238.22324020761,-6321.40348413592,2785.24494535776
"646",78467.9761730878,3781.7250127295,14343.7546157916,4930.59636979483
"647",30637.8634825428,1875.32199574965,5861.54135301201,43.0396752508478
"648",31349.2543331837,1992.90883519217,4144.85606484334,1142.47684195948
"649",36581.7573587783,3821.84359203563,2686.28724744281,2567.83945378172
"650",52335.4452650469,5573.14735080845,-5279.70872717552,2816.52699494405
"651",55436.9235047138,1717.94830594029,7227.44181937153,3302.69909768071
"652",84587.8556412491,5034.51971066379,14865.2198107233,5231.01840826836
"653",58910.2354875599,2741.04812083293,11103.1250840488,4055.69029585375
"654",8147.29462046498,5901.99353475025,9466.66366912711,1714.73574641176
"655",55624.8038973403,6295.92612126668,16048.5998340799,5955.22126692526
"656",54589.6473781239,4512.623846583,2656.50646962676,4099.77795551785
"657",41851.199676009,4059.83781252952,11070.7748536502,5076.94260393274
"658",69648.0380299411,5364.51467396033,5018.07759089631,6307.21687142948
"659",123121.562915522,133.974875433789,6131.40151802151,-1349.9589359527
"660",67408.1096615221,6037.61258396566,6274.84257255809,5112.8557917938
"661",47896.0451253752,1669.22755391853,-1384.39657626251,3134.17433588475
"662",37032.6877872938,3766.97996776916,18321.2184780974,4400.35692826629
"663",-15838.2089032782,-401.326386253499,4979.63502836805,1867.02222392172
"664",70556.8414505489,1255.55398005715,-843.368020818326,345.651005010578
"665",95377.3761191458,4751.71407473742,10518.6266622767,6932.9246746405
"666",94353.9397330947,4112.25747610499,12092.2415444876,1567.87425247309
"667",35567.6867242164,3205.8634029958,8398.78418901102,3281.81703671525
"668",40725.3616876206,3494.78998803005,-2847.81278761403,-1179.19366297451
"669",56813.5977664619,3382.55921842838,3862.56401917798,2182.50904622774
"670",11153.7055125877,5018.74642805086,1742.84095080911,-819.43196871907
"671",137057.849824324,4784.18334703829,11349.6070877901,3271.60243442374
"672",48256.8616951739,6624.11332003039,-6091.09410134336,621.765649451307
"673",123927.34949449,5708.04920338538,10781.923569735,1397.42403172431
"674",112215.514480194,5468.88109829255,12990.5700783479,5096.37495011509
"675",70842.8579955006,1934.44473104213,12733.3887121924,3847.91787155834
"676",-8483.71377035054,4605.03316547123,1981.3688304293,1722.34695518311
"677",39264.627474658,4017.35315236685,3797.36371688029,1185.82719168089
"678",58303.6634464009,2570.57225516058,1605.8216088378,1008.50194850146
"679",93171.9729074632,5818.59027524936,2058.1041731176,-2549.59758677725
"680",79709.7898142654,3299.87192362567,20026.484536246,3760.47187004394
"681",53513.2977242038,4525.195647187,-4463.67518018707,1025.87242264929
"682",106340.503947761,2740.56074168725,26772.4470861969,4267.79603067254
"683",47774.0984363831,6711.96182780825,15739.612689217,2446.54626287377
"684",21571.3913364703,88.8575762853667,-643.90542614248,401.753697802365
"685",63250.1331926898,4027.92871588012,10301.6189231696,1176.77261457309
"686",129097.561976372,7136.32615919971,7637.36918118319,3738.86361370194
"687",16171.6276889155,2516.15063489233,9723.63518743816,1308.11893196853
"688",38516.6658382689,2975.01915244639,3125.54288442233,717.445229580096
"689",79132.2009854317,6430.73897272192,9772.85517357034,5549.24642593724
"690",96137.1665250145,5954.22608849494,12964.8400900559,4131.76401785243
"691",47584.6184440016,7013.40211762071,2647.83754789242,1103.26003614496
"692",26216.6128070623,-123.484744618913,5570.41637263456,1347.05141768057
"693",56306.5569478322,3059.64521827406,15596.2881679893,6597.54569715264
"694",79538.7506845267,1176.78790711745,3410.15594253636,2776.60030281997
"695",43959.1285757778,3393.65370043263,3830.94811943453,3922.81308460389
"696",36132.5502493703,-392.429069818291,-3911.68722418426,724.069377374686
"697",39151.4854263562,6847.43210701018,6397.68487187902,2024.70391987285
"698",48893.0270489281,2712.93306472155,8310.14962607158,3434.34633014047
"699",100152.617433315,3343.55175755537,10637.9962541903,5616.19551770563
"700",10227.1495083143,1892.43051421891,12716.2431153228,3867.01300679907
"701",136537.58466579,939.209212682436,14344.3301279057,1258.73873240556
"702",1479.61249187657,5539.90133000584,4979.29738384439,-4609.99159467575
"703",5120.16296444163,5371.82627899402,13221.6447112662,-2215.15816074494
"704",106534.961329263,5465.67114432751,16867.4495775665,3541.5210249992
"705",16323.6963678893,4826.33249892287,4969.97287861395,-650.81357668562
"706",45429.8096207807,343.906099823816,5052.94919587074,2002.65008792483
"707",60744.1742804601,1673.80545694486,17801.2988758097,4540.03584516087
"708",7222.17602288768,2688.62452898079,-1183.15738640404,-2116.56115211981
"709",-1369.05998125667,3917.35705370038,7512.42166418992,1132.05690051674
"710",18529.2462182831,1200.29845800425,739.311699312268,204.162344536359
"711",61724.4432468512,6640.73240008386,8423.8240674839,-139.924825366909
"712",60246.0705627613,6031.42825424824,15959.6977631041,423.980193013987
"713",81458.0207142784,4702.78101013747,10620.4607615275,725.775418906748
"714",-87654.6905192404,-1398.21354282293,-2279.11907948893,2468.7433077135
"715",86612.4751124627,6090.39291112313,2669.32320674161,1967.93896885198
"716",-1819.00612064391,4220.94145591412,-2046.23543618822,792.442999806296
"717",55716.970774356,2904.99041915794,380.848441991244,-1081.74330632306
"718",111190.033176147,5408.52238765793,11995.2787377521,2560.3427804521
"719",16489.7668485447,4675.3652327538,-231.687343941741,-331.450228451039
"720",64609.1652172798,2970.02005536069,14122.8814637536,881.218489819232
"721",21261.1789362188,962.22617782865,263.973069446556,226.866713243292
"722",71763.0221600962,4300.49518377309,1038.51040997872,989.825173670803
"723",48368.0498088505,1529.01577431659,-954.600455749496,2256.95463760772
"724",77722.6091551459,3449.77311640461,20588.2112699862,5297.90747803552
"725",51626.6785371774,3076.91340941245,5810.72421080729,4464.32368369168
"726",3766.34543318272,495.976782637804,-3294.51592300743,4132.14629264319
"727",71522.0854214614,994.856719401171,13005.8896081775,8400.98106803877
"728",47867.4932498239,5262.97293086851,7199.98726527367,4228.04068368345
"729",143894.602449818,3399.41088019723,11157.5396657271,1867.32323306476
"730",17481.3885714385,553.151937796061,5523.15208198026,3923.03408333751
"731",33990.6675680899,4884.03816661275,6014.13899502154,2486.0515480714
"732",-38480.7561778447,1278.81446806263,5364.28366875222,871.716013013461
"733",113009.916652794,2711.20547085887,5266.30291028184,5404.02572712136
"734",65862.2167563652,6120.37553439284,1519.62119938831,5820.18542347663
"735",57660.9545295575,3796.58574437291,5951.87777281989,4511.48468581616
"736",98073.7432021433,6648.13047568109,7804.21049402944,2318.25049243569
"737",61441.0049671371,1242.51752881756,10050.3525849413,2260.01332022758
"738",105270.834484122,2189.21206907129,4422.70760843728,5681.31454808573
"739",98102.7676362673,7588.92470254646,8776.42231266798,5070.33919101263
"740",65032.6272729424,5257.8128451993,3598.77554015067,7887.94032952167
"741",-28434.1525892028,882.662299301941,1665.98061458946,-1565.18237311452
"742",-9122.76567935881,7161.92972057714,11425.714148496,1649.60799258063
"743",42594.0792442858,916.585003919863,99.9815689915717,831.479353010328
"744",92395.4504803749,4894.23179641278,11504.0466880412,7375.68263767163
"745",22110.9112593111,418.398500089465,2247.30139980573,-1787.58895263819
"746",64310.3666766127,816.844041325305,-418.793393503336,5240.52575461275
"747",60078.3385699748,5902.39010606752,-1306.61135285257,-920.216118366458
"748",-942.011388598003,1515.50947219719,-3416.78286460604,-184.945753350606
"749",-7123.36081858775,2375.2061435017,3172.56659148185,733.282261586158
"750",7113.81485037536,5089.89604162166,3883.04895217108,2575.23559456685
"751",17141.3278403196,-836.431288636181,126.029844438642,-1485.30434102649
"752",48902.6644263327,5194.77810461451,14436.0546007021,4986.20911200015
"753",73176.9018394055,1202.94909847403,4829.01522387374,4649.73470889496
"754",77393.9123296537,4649.54270607373,11072.4363286209,4011.18787898893
"755",19927.9828111952,2180.66167822278,11091.6705752693,-1306.7297166492
"756",28151.5745075458,1648.4656345391,5619.52340354616,-481.444179949849
"757",71468.6295452156,842.856655557729,17353.4312868499,5908.81353329173
"758",96522.2244446454,4432.51869461354,1906.87153821002,5148.03202920485
"759",25227.6728725355,3725.40079604448,2758.9303597161,2367.83968551902
"760",71942.9123127127,1276.63789579331,1283.29391590272,2981.85699428932
"761",94993.2268055515,2764.78220363787,32.9578358821982,2823.48705354829
"762",24606.2730054276,2064.78358183468,7556.00299065975,957.092524958585
"763",44707.1728906135,87.7768916592152,11133.6829683119,5190.22899490076
"764",4852.64247153484,3615.19620717161,630.784584135629,796.882666892785
"765",100349.149739896,6073.70619767963,8546.848267128,6763.44348388629
"766",110293.713995659,4846.8784936872,15296.0246281298,4238.60334331755
"767",-2340.53402487658,316.582002662148,-657.256413619287,342.226034724177
"768",76316.260251907,6539.36176293882,11590.8341000863,6363.11285419743
"769",67024.4460237073,4433.45456706267,383.063355788612,-454.290540451487
"770",57691.9119843165,207.595227605642,6877.0459504985,8922.6990243008
"771",47735.110843995,2348.89223784613,-183.03674846625,647.168237231292
"772",110075.191090893,6097.60654604713,9892.32764752434,6278.23663503128
"773",65002.0232169175,3081.79297175095,15788.5524714551,2719.67817389912
"774",-7293.86993425569,1236.94040305603,6009.84604969486,2066.2817748257
"775",95844.9815231261,1344.22091991441,-596.345302433598,3390.64003757756
"776",70139.5890062124,2328.27284252151,10903.5635855711,2638.60884775064
"777",71219.7038559115,4220.10825304988,5886.57163286088,-659.988814404026
"778",38139.3550981973,2235.82217459283,7739.96877000208,976.875461337043
"779",51099.9574705271,3158.44626897768,6491.56284221101,3104.52141919554
"780",15138.4079829882,1086.4779432803,12609.3711499238,1964.04006564632
"781",14826.3418279786,4058.13106432613,15049.0407393874,4508.70367317192
"782",45162.42276335,4892.79398230872,2832.54087871267,3148.6432504711
"783",37723.3103860508,1641.42187432175,14857.765924026,384.171158358797
"784",91424.7948722476,7018.40061854345,4851.46637643707,1774.00619020109
"785",53541.4952190275,3499.92937117446,11959.0313138283,-472.230117766034
"786",92030.7688315847,5809.73577903583,9813.87868753764,-1310.80585306588
"787",55321.0568175532,4778.63795320618,14060.2029020709,4445.78035102408
"788",37846.473783903,264.69431311458,8798.61170147219,5272.23000757571
"789",97541.4391348652,5375.3660690966,10602.0982177404,7345.17743917319
"790",87718.8931133263,3705.7815939455,8802.53996890992,5269.96133960184
"791",40176.3931179793,5173.9434112973,3199.42038275011,3428.04127301489
"792",69025.5603708943,1621.35066708259,13838.67440049,3098.72051052204
"793",57669.5610511291,1024.69115109295,1801.87091285428,1373.06537956301
"794",49738.7171087056,1341.45510338177,8011.79830409608,2637.86167764699
"795",28492.6970825051,4747.5795049454,-3032.40294177954,-2547.46739081654
"796",116827.277962378,1615.88457265604,4958.56157936388,4963.8441321449
"797",58125.1408429307,5020.2314572747,1319.96824552091,3391.38625676842
"798",60627.8079780219,2176.18934151135,5249.25706232098,-566.544110359127
"799",81983.0186769747,2629.31115835348,9313.79058190999,-760.670366660866
"800",83215.8498793543,6255.20344320852,6721.12318322419,2699.61621422834
"801",99833.5049801222,2482.03549983931,6777.31030925322,2893.62944211778
"802",68541.3210933948,3224.09663427302,187.140821856125,2161.70081460958
"803",45676.0217746654,2352.29312083407,-155.946020739168,4060.47447779845
"804",120843.690477046,3762.20601680815,6084.7107585502,2646.9919529393
"805",57075.822665762,3941.35736466623,2352.91359086837,-285.414808763081
"806",102181.775439814,4825.5787999452,15595.3633187957,2999.6385369771
"807",42794.8030142891,3939.87294079178,-2549.00960660058,780.152841859533
"808",85536.9050535934,5752.97988800808,17244.617691015,4077.41373243093
"809",66633.9480979434,6514.99556855829,4086.56967797547,2473.95331496124
"810",39400.5062274439,5514.80963066863,187.885585830029,-2224.53791533996
"811",3566.37765936663,6174.32451793049,5949.44153748966,5563.68449355908
"812",89845.6856007719,5630.22967970334,10088.4670828307,2857.00936929392
"813",61921.7614623225,3169.29460110839,3734.06954320013,3429.29079259706
"814",70955.057205165,2422.54557288372,6190.55748731341,-273.124896105908
"815",66421.5968411642,4874.25520581823,12015.712403038,4810.33756132932
"816",23436.1429403366,-1069.66673081615,7654.18820851559,1060.97755863028
"817",47317.7683019485,463.322375092195,1705.64246292497,-1238.82892495448
"818",98354.8451865818,3057.72661955872,19583.641851316,2135.33814713512
"819",-5071.57779519899,4368.7256952958,5944.51405408937,37.4752154389204
"820",59613.0525926876,4105.76245865243,10227.9773706628,2570.61852190571
"821",115337.414720119,4213.65329373806,12303.1385380346,5892.68478865984
"822",48748.3012039689,354.978852672373,-787.354708018475,415.907515855053
"823",55001.2852479765,4206.72950322548,13263.5369633593,4163.41455288623
"824",-1180.6986493556,4206.49129559068,2487.56413242987,2951.43644381675
"825",81898.2051889979,7691.01580676506,11405.0693501829,7470.41672065628
"826",84487.1566341205,1286.26591144195,5042.56998179339,5377.40272087824
"827",43828.8566384851,1046.19505049848,7922.21374604393,9.55519882465501
"828",71240.392522058,3916.5551221712,17798.3774514548,7026.62133349395
"829",40039.8343582951,5944.0729305136,5158.4619714579,1200.52955301745
"830",73927.7097849307,1981.4295482877,12649.5667330025,2514.57137406084
"831",27063.544212054,5468.60348695311,7720.43849869792,4560.93884432532
"832",69450.8876515695,7086.47268303284,10579.463813949,4215.47544191725
"833",109703.556672485,-974.084496358435,10222.4394287283,8624.0082307183
"834",5649.20817114387,4516.235399475,-3182.57470060505,-2073.31670652253
"835",59941.999776812,-423.380141347586,-311.107909866698,34.8295573421035
"836",90408.171547023,1454.04385364022,-280.445596613648,3513.57444388752
"837",41968.7942510498,2897.23339460596,13784.8082474667,6475.16867111893
"838",37224.4576083374,2597.03056394732,5524.84180491453,730.820114917123
"839",-41351.8229870263,228.067680209849,6454.22889531678,-16.201845984505
"840",29974.6659480346,4043.16659794244,14447.9603053172,2877.49316174962
"841",82872.7982296214,5490.38796616457,10136.5462513263,4925.77180703598
"842",77588.4722328599,2060.7261097741,7322.76711649013,6540.88292646617
"843",109957.171170883,5020.05327745382,15906.4708862604,4277.5558539142
"844",-8336.40792440492,1213.62124681066,9284.54202835902,-67.2575444499935
"845",75157.4362883677,5513.60273415564,17060.7311993305,6015.93797252698
"846",33666.6565887086,430.921556229175,-2125.47037855715,2876.7155056525
"847",42248.0911848451,1210.61000197105,6687.3947046112,4238.669144361
"848",48171.3826842639,5251.85331430708,15019.630286459,5531.11070736986
"849",29664.3170949717,2518.51621477035,6872.67828815315,3140.87309956855
"850",86235.7896125978,5552.96476228359,7181.88271059049,3885.2954338756
"851",67699.3446380504,-1224.47136900596,4178.09148293956,6087.54300044038
"852",74436.7991016767,3894.46030186688,1126.45410740028,4853.5058786166
"853",76112.6623930785,4869.62744262888,26083.980637442,9825.49695389405
"854",84097.0220447122,2687.27096982421,21940.142135142,7457.29404842453
"855",98997.0338160318,2399.94210592932,22764.3806380435,6534.28080348862
"856",33602.405756054,925.306748783738,8187.37398559883,2350.31377864537
"857",91963.8188720077,1422.135801908,12711.2025163584,5913.89294565568
"858",27583.1248399202,4386.83096080643,11175.826548395,6046.03095430659
"859",89002.4112070601,953.931769893735,19438.8812396476,10856.7381452391
"860",111075.187957043,3847.36212311587,1001.91361829016,3837.93648455935
"861",14042.0712650079,3727.01340950075,-1727.64040865324,-349.342395274268
"862",105932.683458153,4646.77257683905,12285.2679155965,4378.58396126839
"863",92065.1115405966,2873.65094462012,19550.3903234436,4616.00398565462
"864",81957.1503361305,4830.81007404047,7612.11478383174,2585.65582455836
"865",68681.9800785997,2627.75609884934,14466.9480220463,2188.90112406939
"866",50560.141821258,4220.29495348618,10259.6859441279,3736.43327618081
"867",51923.7783857053,-2010.29965874816,8203.10111767058,322.159909627655
"868",27344.0026812347,4142.83459453527,-5728.12792007063,70.5722660351225
"869",-10443.0486032697,2085.42077566563,-533.379823151153,1744.26284954745
"870",36232.0494112831,3930.2523183638,8592.17242104823,2378.74015637891
"871",33617.9322384347,3990.94844647676,7809.13161492332,1539.86185456188
"872",7829.32261761688,3615.3781180879,-1028.2994015623,3697.49909209363
"873",75082.4786107448,5999.96094648246,24263.8705039041,6545.4837046851
"874",103770.522641334,2715.6373487674,7412.00832463808,3522.42757041421
"875",41022.3285371588,2748.18236357916,6362.6530357889,5432.86075633382
"876",75538.0071468303,3542.22492591659,-7393.4176315361,3055.76119325393
"877",96594.6013976464,4890.6598415681,21816.1515363133,3141.51377602069
"878",65379.9339579189,8058.76940900157,5625.0770723151,2233.13690267273
"879",-19307.8959697586,2432.49097935283,-6364.61534873394,-270.126622358102
"880",89890.6716185155,2673.12153522338,12536.6455624695,4694.92165655074
"881",11751.6188276488,960.147635378137,5103.23544173106,-3029.89087537738
"882",84182.799632609,1534.75940118932,14963.7028499438,3737.7293358202
"883",56291.4876012128,1186.7442109124,-3690.57221625962,-1815.28050758457
"884",25730.1160958392,4165.32827205139,-5928.70327158136,-844.364576541716
"885",62916.2533098025,951.305550316555,17537.3004836245,5126.85501985555
"886",-8809.71943541603,3318.16279313234,-4910.0446475438,1630.45191438687
"887",102751.585674312,3798.04048416647,16895.0410725773,5733.9240241234
"888",16577.2971542276,604.364700884548,-3201.178204742,1748.82245085312
"889",78474.7097733131,1601.02853491235,16533.0872797603,6701.26819643125
"890",63032.5724984784,-467.92004287424,18410.8414726228,4082.82164305093
"891",83032.8875797307,5326.71870318437,14822.62131055,3195.96963644118
"892",-4179.88163489747,5667.09246789988,7971.45810580858,-497.848019414927
"893",47552.3481794708,-1072.44643651744,4591.77768233454,-174.121028259831
"894",117059.369878524,3335.00363024296,14316.1146750737,3679.59904677026
"895",48493.7680605064,2102.03766555716,-2611.9078096323,1309.38965443253
"896",68271.4689969155,3821.41221701927,10300.7541878024,-2462.76690482893
"897",-2211.16760073542,1298.80206777289,3208.37494189781,-974.130529184107
"898",112550.02334282,2908.51638091595,14233.7776983571,3542.02891127112
"899",50915.0803266305,3259.04810161771,6900.80505602843,1795.75291525666
"900",32403.6044164104,3309.31557015076,9419.72210671691,6144.36358196914
"901",94949.3916719351,6525.78878101033,4612.23960158517,6102.94233506443
"902",7511.7088021781,1200.93684056644,-6096.87567412713,1203.64687603941
"903",101421.579956059,5356.44434970715,4182.67202083783,1304.63397278187
"904",67384.6461401297,-495.124938263009,-969.346949202876,1254.60384518967
"905",51801.7510217626,1210.6305838007,14747.5069556238,6889.15532485352
"906",55498.1289736458,2070.42924130481,664.513576156833,506.094322050403
"907",67497.644395487,672.748050762112,1930.61728090986,7157.7966395268
"908",90226.3755755659,3191.8303434168,2642.49314979961,2809.28345656473
"909",66303.2533741463,6700.57310108103,18034.54490154,6813.77888822978
"910",4849.02435151965,2002.81197676645,-3647.90886331698,2854.74196848043
"911",79059.860491928,4634.93829372605,4357.11120211539,4365.59291116874
"912",42984.9188124556,5339.33181114657,7366.35556653316,7467.27265304811
"913",55628.5410996247,2910.44418920109,5539.74152045655,5402.09045767459
"914",79513.7479853595,-728.798769764387,3544.90271362038,2929.81547498007
"915",-10453.3823701787,-0.128236461898723,-7324.10394078364,-1262.58779073835
"916",32301.5836794292,1259.05513330517,15611.916316732,-124.80388129888
"917",105136.923604384,5556.7794628484,16401.8349303525,355.743784164451
"918",70461.4509645824,4551.98889888769,248.103987835866,-741.350854983622
"919",76416.6355745692,4012.359631756,7469.23567208028,972.163560318706
"920",79217.0447002623,5536.04474682084,12046.9588479909,2725.52361447364
"921",104822.480509485,2702.95603971411,11009.2698904763,47.4531787476294
"922",26051.9010677526,4975.67335381585,-1529.38131943241,-1643.73759122978
"923",-27042.8903895994,3019.06067893469,8293.88296872663,2445.53484140103
"924",32540.3883384908,6131.88001151583,3713.18663651947,-152.174403762184
"925",60470.1448212188,1221.73696854838,6607.21579104231,-277.694228867879
"926",90412.8610452819,5260.37353535954,16652.9102949841,6716.2442288763
"927",99404.6526568546,5626.8819922749,22184.7368238871,5567.71040383502
"928",56238.2960476005,4045.70891727304,402.593762620471,2701.81364462122
"929",97105.6199190847,3240.30930456176,18050.2438330178,3551.13478890543
"930",44314.4459986164,7395.51231790348,5179.56755148517,3132.19589037023
"931",89129.7119567014,6626.53158247181,7804.48088432592,2863.11482351278
"932",99784.2666224588,2683.61033666579,12990.1816849356,2303.81277324804
"933",11042.7624274769,-346.344405141292,5877.35341361743,1023.3911936613
"934",85526.1789543821,704.580388416967,22755.9260244701,3874.58624766114
"935",112898.329451376,4047.74429014838,21431.5774694987,3847.70857365083
"936",94780.8015145938,4109.04633921781,17496.5621057896,2701.73465118695
"937",-2724.40231521777,2518.19611113211,7461.22888912378,1045.7578016209
"938",43022.7453572972,5229.05651641787,9979.91959547656,3126.46589124028
"939",33658.8551975387,6839.01979995989,15206.0400546269,1789.74660837515
"940",11256.2680421351,4083.91029318837,9803.19988492333,2577.99868246035
"941",96726.8691369175,5160.64076183045,12440.7394640444,7258.52511511218
"942",17077.789786412,479.152638381084,-7085.62080945073,207.148404042729
"943",105611.154859859,3973.04891957801,19814.241347847,4633.68819663613
"944",19236.0348101464,919.073120639793,4216.77708313606,2383.05728098532
"945",97363.4615361601,4284.0375387,11448.7276005535,5327.83328726883
"946",95452.1206028924,3282.04399398183,4824.45763741286,1510.61215634955
"947",67566.0229578951,6068.88486161491,3347.99444925512,1503.81341994922
"948",97950.6081622391,7901.38266513517,8576.57954703211,2841.05427302032
"949",28239.4607766779,8898.04172359206,11987.4266466136,3149.14168463804
"950",38415.3300155945,725.201948970747,7835.29971145889,213.524092417661
"951",47571.0063823866,1162.70265103166,3843.42414519804,3778.49330249445
"952",82613.6044278532,7650.80755346039,12641.9488398499,7084.73709497631
"953",129032.838751843,8370.84198278963,14832.9348187332,2548.06808592399
"954",96336.5897893367,4342.36426295179,7072.73972076343,3369.27396893
"955",119733.688609787,6479.57753634229,20893.4368799855,4252.51485189838
"956",77221.2788508444,6136.33816161275,4797.83472756414,2725.30829460829
"957",58600.5200255448,5621.11669526249,-3317.97086065236,2822.23585881411
"958",103041.207238159,4635.71405658989,16097.4595060612,568.7334618126
"959",37983.5243545223,1926.24434674727,6380.86280887414,1360.43348613013
"960",24290.7085469042,2599.79449056134,6727.46783357961,-163.824252820176
"961",46623.1922251724,2539.39635980009,12570.3765689017,6076.28131330901
"962",15590.390080163,1562.62632675804,7.10344776939974,153.831771380867
"963",78129.4763341951,2314.8907257143,16176.9951161172,8023.33777139697
"964",41541.8050228901,7082.05561324864,4007.7742388227,6657.21748489964
"965",4428.67274238839,4055.34551476524,849.676096909803,-556.271673436846
"966",93688.7337686649,4509.78304063125,3927.47524166688,3014.49848603259
"967",4118.60484032419,2753.96435289019,-3013.02479808164,2970.20211816135
"968",97699.8781897434,4427.38979785421,9371.87215071683,4071.85541451208
"969",60645.8652414306,4826.24829993139,14295.7224930155,4508.51440486361
"970",121623.702173355,3683.74606920658,24637.619800379,7725.36515356234
"971",96013.4618195856,3891.49798872569,4576.29522135571,2483.52710014431
"972",-2308.5469591638,2222.90119604159,4350.31366950538,-145.248868192295
"973",-15289.1184721673,3806.77357319408,-1694.15837935172,1564.88960083431
"974",65473.2224699753,5862.62058087531,15805.4833291357,3784.13914764317
"975",81671.7090448683,6453.06630405917,13357.0780934018,4579.37148092633
"976",27901.1725163569,5657.67992406402,2042.11462646111,2518.95074601874
"977",37596.6427085255,2999.24231683858,-1511.81995175813,500.28478759416
"978",-489.669824921108,5409.42909224501,878.262946350504,2797.3072430229
"979",13427.0656380052,661.37648110787,5085.99734636194,3378.70197857272
"980",39838.2700914524,4508.83793729745,-2225.4180825266,-3889.30975253984
"981",41048.035801889,3267.60692796596,16567.0234421144,957.332420499007
"982",40582.6600001012,5491.81968515631,14019.800304598,1991.10499893597
"983",47702.4264135958,4697.28589828876,-2194.4128064343,1870.95580329684
"984",94118.4148530286,1527.13141388265,1196.90476142829,3556.70511021034
"985",33639.5427133246,2844.7880847329,5698.17185467222,-832.731280871262
"986",20487.1696482363,5753.51077107304,-2257.20268433803,4301.98528721805
"987",43951.1378685825,3107.20290601114,10988.7322170031,913.090916144679
"988",70327.9432628871,3362.88698530555,5331.82613254878,1215.81343025391
"989",91918.7652671949,4517.94075317882,-2743.59494555213,1195.55913555815
"990",37730.9658508762,4434.21758412072,2442.71438035032,1384.18321523937
"991",74462.5250403913,6479.58395473071,26942.2892375265,885.485773109133
"992",104495.192672003,4682.65267259712,10791.7326684977,1726.65789661469
"993",6133.55387431925,5862.13835599259,-1470.14033368217,579.447341093679
"994",101101.39316016,6728.0707015603,14380.717695337,-951.560118665816
"995",20777.9781985754,3287.54173545154,1546.20584638981,-1320.12539110564
"996",78024.6156901373,6732.89674751268,15099.2574985575,1353.63363838269
"997",52528.8570908668,5545.86974694234,764.086693415303,-2715.20817428003
"998",63791.5459056517,3078.58412433695,20154.3134297238,4092.97460751818
"999",35499.0761337166,2612.71211841105,-3386.53748997041,2572.85980336094
"1000",136496.685619596,3237.340701165,16421.1506333008,2981.75519423351
"1001",-32630.9949834532,2001.82932914615,5472.73549016183,-348.989822946935
"1002",74995.1877715922,5954.0434115411,15819.2357378313,5820.64262537381
"1003",110599.707479766,4100.43975781215,29935.8269581916,6165.54133902089
"1004",46062.4375629808,1285.22462917411,13827.941067605,847.711689775614
"1005",44474.81914002,1527.30439005982,14802.415807491,1425.39592012432
"1006",42756.2231459952,5979.98735073799,18381.8701197135,5119.14818449996
"1007",20144.7698893769,271.660015228159,-3615.45756212495,2274.10772310789
"1008",40762.1879421548,5038.99167754748,18896.7978974487,3684.97296819194
"1009",81950.2295488329,4746.67219989763,20110.700667198,-676.97938183434
"1010",39313.528456953,4048.00323725424,754.010917695539,2578.86964725968
"1011",23170.3135459204,4018.7704197658,6799.80992914657,-755.561702008875
"1012",82597.5684994925,1580.03897710356,-3557.79172443646,-218.404851008265
"1013",41098.0900090752,-333.234460044628,7027.11378908993,1180.77055141872
"1014",-22825.0078144982,1186.72504656454,-1355.32197382351,-176.333342986815
"1015",11586.6307541313,-477.048887620685,8847.95557538662,-1962.9958067793
"1016",17968.652120376,4117.17908294238,7664.15418876578,2547.9773371062
"1017",115124.132552827,6152.9570542144,13053.5941379857,3784.8796069726
"1018",50497.187101302,2308.26707660673,10568.6409695603,2055.12149108622
"1019",126655.921130782,990.133579758259,21517.4924269171,4563.71017378498
"1020",13867.29687066,2498.58885611416,5357.25196185846,-2008.24129183046
"1021",110487.113093379,-931.433641283259,12269.3791923861,4621.12854725982
"1022",75438.2229300105,1354.89756802872,18699.0801836389,4083.43694078762
"1023",51946.8451687837,5071.75754209712,90.6815442327138,1501.69727784903
"1024",61845.3621956339,2944.76953637735,11229.6729852604,3104.80214177314
"1025",66346.81241392,3635.32997757971,14210.8113458966,8328.01315957687
"1026",76803.0396199907,5382.91326673092,8027.08156137406,2531.6784473436
"1027",127884.644002902,6194.80357437409,11918.7215137692,2320.34729948396
"1028",66246.9060930529,1430.21990486903,3290.80808946539,1386.17395026364
"1029",43435.2864896007,913.260333236318,3537.3238648946,2821.45321151208
"1030",17279.8912549107,26.772891816957,-1118.03313965191,-576.736634896501
"1031",129878.081024585,4811.32208918469,16812.8723314389,5548.19350999921
"1032",58750.0735457546,466.909734791796,15661.7087119093,-2395.19370533198
"1033",102498.669348394,9183.80714679125,16530.5131819641,6321.23348132799
"1034",81635.3688034852,1462.86414905648,4073.05962253642,2391.27281301117
"1035",53350.6320088906,3386.34220929262,3873.4233221791,716.798040310002
"1036",63192.7407650765,1110.44788661228,12153.896328162,5125.01300776184
"1037",48153.184888973,410.580324312133,14511.3747954735,3417.04258105763
"1038",35907.15584888,5428.83188380258,8402.23297607571,5690.2359511469
"1039",119631.255025248,5258.64139393875,10985.0419766133,4364.49480618993
"1040",45120.0788850962,1394.28474805789,-370.671616914421,2528.38524724057
"1041",24068.9513496401,1915.0964848993,14951.4543929774,4576.5283702443
"1042",58510.5051238903,1192.51550285648,4381.7534127773,1945.52643923602
"1043",5139.97675192812,4993.03288883327,6230.57874518151,6333.8192904571
"1044",97267.0282761013,5585.68252418742,12001.3612774318,2191.74370331659
"1045",53184.1362830924,5568.50156584807,1924.45140713813,7992.94248136266
"1046",75754.6594376121,7830.21613584374,9882.31746784362,5967.6464709532
"1047",73025.6024799954,3460.88630674266,7464.24246187786,2476.7408402086
"1048",112799.894864174,4328.61880277881,11424.6303325435,4466.97206128148
"1049",59827.1518795374,4213.23329238588,-109.482479798592,2995.36586265089
"1050",43403.1807497471,4046.57837420776,17343.9335326412,4440.8710863324
"1051",90652.4524343638,2315.30692886243,6168.02692064579,2740.56768048166
"1052",62311.6636948282,5259.16207184535,10419.2402576097,6483.6064100902
"1053",-21130.7185862717,786.43659460967,-1470.74361522044,2572.79362353469
"1054",10798.3967339112,-564.349582385187,-3097.98276744095,1232.34330712247
"1055",79891.7500589472,-1163.10080406458,9848.93711056042,-767.659873645006
"1056",39457.7460010216,-1623.14980320864,-3891.60932385484,1751.43905075189
"1057",15681.8474188308,2009.10988295482,4020.95583116497,161.88491993508
"1058",63360.1327106305,2080.07357005656,10209.8494896425,3381.27361687297
"1059",28691.6920452893,-833.57255823722,-6372.55431385899,3027.41702975807
"1060",19421.6958380394,4066.85058636229,1687.45007671625,671.462782992571
"1061",-1789.1478560095,-871.219312342111,4884.53845918531,2945.79160393399
"1062",34341.7828369115,4453.46928594054,7855.20202262509,4952.51515960235
"1063",-27374.0756176621,-330.609097099535,3820.24700693628,4128.10660069406
"1064",14477.8934805499,2080.79020932177,11958.4202556185,4004.09352410614
"1065",12157.0377780462,1794.28626120766,-1135.65954786232,1410.2496292552
"1066",-16857.0752048437,4075.26333231988,1868.61742078325,-625.482755868614
"1067",31767.2698679343,3847.65606160057,5891.70191520528,4817.09466283054
"1068",46356.0922049212,3876.31333997063,9087.31947526614,1377.05911391657
"1069",110210.048021947,5259.3877793758,10846.2981430543,5002.89302588335
"1070",50926.1609298323,5745.90227240796,6841.73660261132,3817.96472991555
"1071",64393.9843433764,2500.3783232393,6650.44977936033,2577.77782415225
"1072",75393.027372986,1726.05558002207,1999.90767085897,6168.95990022134
"1073",54090.0301091379,4898.54054102197,6669.21807808187,9669.59027174778
"1074",24235.1115400911,1932.17363777054,2827.29737952812,3467.31035598254
"1075",48380.6341020823,693.798148526929,10152.3660219318,-140.154671171607
"1076",37176.4853449123,1003.98518495026,-1228.64824422862,2497.92684037016
"1077",95518.7731267158,3566.32829681331,9562.42344278986,7260.53547635806
"1078",50061.6969336525,4339.108844647,200.675288778813,332.677249098942
"1079",71819.6706856346,2694.57919641954,-2349.39570307435,4236.63493153919
"1080",12091.5001538431,2497.07571356563,-6574.41321505608,933.785592212479
